RowId,ChestNo,ContentFinderConditionId,MapId,TerritoryTypeId,TreasureId,DungeonBossId
1,1,4,31,1036,93,3
2,2,4,31,1036,94,1
3,3,4,31,1036,95,2
4,4,4,31,1036,98,0
5,5,4,31,1036,99,0
6,6,4,31,1036,100,2
7,7,4,31,1036,101,0
8,1,2,8,1037,11,7
9,2,2,8,1037,15,0
10,3,2,8,1037,16,4
11,4,2,8,1037,17,5
12,5,2,8,1037,62,6
13,6,2,8,1037,118,6
14,7,2,8,1037,119,0
15,1,3,40,1038,52,8
16,2,3,40,1038,65,0
17,3,3,41,1038,51,10
18,4,3,41,1038,53,9
19,5,3,41,1038,57,0
20,6,3,41,1038,58,9
21,7,3,41,1038,59,0
22,1,7,46,1245,86,0
23,2,7,46,1245,87,0
24,3,7,46,1245,88,0
25,4,7,46,1245,89,11
26,5,7,46,1245,90,0
27,6,7,46,1245,91,11
28,7,7,46,1245,92,13
29,8,7,46,1245,113,0
30,9,7,46,1245,114,11
31,10,7,46,1245,115,0
32,11,7,46,1245,116,0
33,12,7,46,1245,117,0
34,1,1,9,1039,19,14
35,2,1,9,1039,21,14
36,3,1,9,1039,22,0
37,4,1,9,1039,23,15
38,5,1,9,1039,25,0
39,6,1,9,1039,27,16
40,7,1,9,1039,29,15
41,1,6,48,1040,68,0
42,2,6,48,1040,73,17
43,3,6,48,1040,77,18
44,4,6,54,1040,69,0
45,5,6,54,1040,79,20
46,6,6,55,1040,70,0
47,7,6,55,1040,71,0
48,1,8,45,1041,105,0
49,2,8,45,1041,106,22
50,3,8,45,1041,107,23
51,4,8,45,1041,108,0
52,5,8,45,1041,109,21
53,6,8,45,1041,110,22
54,7,8,45,1041,111,23
55,8,8,45,1041,112,24
56,1,9,43,1267,131,0
57,2,9,43,1267,133,25
58,3,9,43,1267,134,26
59,4,9,43,1267,135,0
60,5,9,43,1267,136,25
61,6,9,43,1267,138,0
62,7,9,44,1267,137,26
63,1,12,52,1303,164,28
64,2,12,52,1303,166,29
65,3,12,96,1303,159,0
66,4,12,96,1303,161,0
67,5,12,97,1303,162,0
68,6,12,97,1303,163,0
69,7,12,97,1303,167,30
70,1,11,37,1042,179,0
71,2,11,37,1042,180,0
72,3,11,37,1042,181,0
73,4,11,37,1042,182,31
74,5,11,37,1042,183,0
75,6,11,37,1042,184,0
76,7,11,37,1042,185,0
77,1,13,50,171,170,0
78,2,13,50,171,174,34
79,3,13,86,171,172,0
80,4,13,86,171,173,0
81,5,13,86,171,175,0
82,6,13,86,171,176,0
83,7,13,86,171,177,36
84,1,5,38,172,148,39
85,2,5,38,172,149,37
86,3,5,38,172,151,38
87,4,5,38,172,153,0
88,5,5,38,172,154,0
89,6,5,38,172,155,38
90,7,5,38,172,156,0
91,1,10,32,159,139,42
92,2,10,32,159,140,40
93,3,10,32,159,141,41
94,4,10,32,159,144,0
95,5,10,32,159,145,40
96,6,10,32,159,146,41
97,7,10,32,159,147,0
98,1,14,49,167,186,0
99,2,14,49,167,189,45
100,3,14,84,167,187,45
101,4,14,84,167,188,46
102,5,14,84,167,190,46
103,6,14,84,167,213,0
104,7,14,85,167,192,47
105,1,17,108,160,230,48
106,2,17,130,160,231,0
107,3,17,130,160,232,0
108,4,17,130,160,234,48
109,5,17,131,160,233,50
110,6,17,132,160,235,49
111,7,17,133,160,236,50
112,8,17,134,160,237,51
113,1,18,141,349,238,0
114,2,18,141,349,242,52
115,3,18,142,349,239,53
116,4,18,142,349,240,0
117,5,18,142,349,241,0
118,6,18,142,349,243,53
119,7,18,142,349,245,54
120,1,19,137,350,247,56
121,2,19,137,350,251,56
122,3,19,138,350,246,55
123,4,19,138,350,250,55
124,5,19,139,350,248,0
125,6,19,139,350,249,0
126,7,19,139,350,253,57
127,1,22,151,363,300,58
128,2,22,151,363,301,59
129,3,22,151,363,302,0
130,4,22,151,363,304,58
131,5,22,151,363,306,59
132,6,22,152,363,303,0
133,7,22,152,363,307,60
134,1,21,145,360,283,0
135,2,21,145,360,284,62
136,3,21,145,360,285,0
137,4,21,145,360,286,0
138,5,21,145,360,287,61
139,6,21,145,360,288,62
140,7,21,145,360,290,63
141,1,20,146,362,267,0
142,2,20,146,362,268,0
143,3,20,146,362,269,0
144,4,20,146,362,270,0
145,5,20,146,362,271,64
146,6,20,146,362,272,65
147,7,20,146,362,274,66
148,1,23,168,361,275,67
149,2,23,168,361,276,68
150,3,23,168,361,277,0
151,4,23,168,361,278,0
152,5,23,168,361,279,67
153,6,23,168,361,280,68
154,7,23,168,361,282,69
155,1,24,165,373,332,70
156,2,24,165,373,333,71
157,3,24,165,373,334,0
158,4,24,165,373,335,0
159,5,24,165,373,336,70
160,6,24,165,373,337,71
161,7,24,165,373,339,72
162,1,25,157,365,291,73
163,2,25,157,365,292,74
164,3,25,157,365,293,0
165,4,25,157,365,294,0
166,5,25,157,365,295,73
167,6,25,157,365,296,74
168,7,25,157,365,298,75
169,1,27,174,1062,392,77
170,2,27,174,1062,393,0
171,3,27,174,1062,394,0
172,4,27,174,1062,395,79
173,1,28,169,387,353,80
174,2,28,169,387,354,0
175,3,28,169,387,355,0
176,4,28,169,387,356,82
177,1,26,182,367,346,0
178,2,26,182,367,347,0
179,3,26,182,367,348,85
180,4,26,183,367,345,83
181,1,32,201,1063,413,86
182,2,32,201,1063,417,86
183,3,32,202,1063,414,87
184,4,32,202,1063,415,0
185,5,32,202,1063,418,87
186,6,32,203,1063,416,0
187,7,32,203,1063,420,88
188,1,30,188,188,357,89
189,2,30,188,188,358,0
190,3,30,188,188,359,0
191,4,30,188,188,360,0
192,5,30,188,188,362,89
193,6,30,188,188,364,90
194,7,30,188,188,365,91
195,1,29,189,189,396,92
196,2,29,189,189,397,93
197,3,29,189,189,400,92
198,4,29,190,189,398,0
199,5,29,190,189,399,0
200,6,29,190,189,401,93
201,7,29,191,189,403,94
202,1,36,243,1366,431,95
203,2,36,243,1366,432,96
204,3,36,243,1366,433,0
205,4,36,243,1366,434,0
206,5,36,243,1366,435,95
207,6,36,243,1366,436,96
208,7,36,243,1366,437,97
209,1,37,227,1064,427,98
210,2,37,228,1064,423,98
211,3,37,228,1064,424,99
212,4,37,228,1064,428,99
213,5,37,229,1064,425,0
214,6,37,229,1064,426,0
215,7,37,229,1064,429,100
216,1,39,252,1065,456,101
217,2,39,252,1065,457,102
218,3,39,252,1065,458,0
219,4,39,252,1065,459,0
220,5,39,252,1065,460,101
221,6,39,252,1065,461,102
222,7,39,252,1065,462,103
223,1,34,248,1066,452,104
224,2,34,249,1066,448,104
225,3,34,250,1066,449,105
226,4,34,250,1066,453,105
227,5,34,251,1066,450,0
228,6,34,251,1066,451,0
229,7,34,251,1066,454,106
230,1,31,241,1109,440,107
231,2,31,241,1109,441,108
232,3,31,241,1109,442,0
233,4,31,241,1109,443,0
234,5,31,241,1109,444,107
235,6,31,241,1109,445,108
236,7,31,241,1109,446,109
237,1,33,230,420,464,115
238,2,33,230,420,465,116
239,3,33,230,420,466,0
240,4,33,230,420,467,0
241,5,33,230,420,468,115
242,6,33,230,420,469,116
243,7,33,230,420,470,117
244,1,35,245,430,410,118
245,2,35,246,430,406,118
246,3,35,246,430,407,119
247,4,35,246,430,411,119
248,5,35,247,430,408,0
249,6,35,247,430,409,0
250,7,35,247,430,412,120
251,1,41,268,511,516,121
252,2,41,268,511,517,122
253,3,41,268,511,520,121
254,4,41,268,511,521,122
255,5,41,273,511,518,0
256,6,41,273,511,519,0
257,7,41,273,511,522,123
258,1,40,263,510,499,124
259,2,40,264,510,495,124
260,3,40,265,510,496,125
261,4,40,265,510,500,125
262,5,40,266,510,497,0
263,6,40,266,510,498,0
264,7,40,266,510,501,126
265,1,141,277,1111,724,128
266,2,141,278,1111,720,128
267,3,141,278,1111,721,129
268,4,141,278,1111,725,129
269,5,141,279,1111,722,0
270,6,141,279,1111,723,0
271,7,141,279,1111,726,130
272,1,140,280,519,699,131
273,2,140,281,519,695,131
274,3,140,281,519,696,132
275,4,140,281,519,700,132
276,5,140,282,519,697,0
277,6,140,282,519,698,0
278,7,140,282,519,701,133
279,1,171,292,1112,748,134
280,2,171,293,1112,744,134
281,3,171,293,1112,745,135
282,4,171,293,1112,749,135
283,5,171,294,1112,746,0
284,6,171,294,1112,747,0
285,7,171,294,1112,750,136
286,1,172,297,557,766,137
287,2,172,297,557,767,141
288,3,172,297,557,768,0
289,4,172,297,557,769,0
290,5,172,297,557,770,137
291,6,172,297,557,771,141
292,7,172,297,557,772,142
293,1,182,313,1113,774,143
294,2,182,313,1113,775,144
295,3,182,313,1113,776,0
296,4,182,313,1113,777,0
297,5,182,313,1113,778,143
298,6,182,313,1113,779,144
299,7,182,313,1113,780,145
300,1,196,311,578,794,147
301,2,196,311,578,795,146
302,3,196,311,578,798,146
303,4,196,311,578,799,147
304,5,196,312,578,796,0
305,6,196,312,578,797,0
306,7,196,312,578,800,148
307,1,219,337,1114,848,149
308,2,219,338,1114,844,149
309,3,219,339,1114,849,0
310,4,219,340,1114,845,0
311,5,219,340,1114,846,0
312,6,219,340,1114,847,0
313,7,219,340,1114,850,150
314,1,221,351,617,875,151
315,2,221,351,617,876,152
316,3,221,351,617,879,151
317,4,221,351,617,880,152
318,5,221,352,617,877,0
319,6,221,352,617,878,0
320,7,221,352,617,881,153
321,1,238,359,1142,951,154
322,2,238,359,1142,952,155
323,3,238,359,1142,953,0
324,4,238,359,1142,954,0
325,5,238,359,1142,955,154
326,6,238,359,1142,956,155
327,7,238,359,1142,957,156
328,1,235,336,1367,893,157
329,2,235,336,1367,894,158
330,3,235,336,1367,895,0
331,4,235,336,1367,896,0
332,5,235,336,1367,897,157
333,6,235,336,1367,898,158
334,7,235,336,1367,899,159
335,1,240,375,1143,901,160
336,2,240,375,1143,902,161
337,3,240,375,1143,903,0
338,4,240,375,1143,904,0
339,5,240,375,1143,905,160
340,6,240,375,1143,906,161
341,7,240,375,1143,907,162
342,1,241,396,1144,909,163
343,2,241,396,1144,910,164
344,3,241,396,1144,911,0
345,4,241,396,1144,912,0
346,5,241,396,1144,913,163
347,6,241,396,1144,914,164
348,7,241,396,1144,915,165
349,1,242,397,1145,942,166
350,2,242,397,1145,943,167
351,3,242,397,1145,944,0
352,4,242,397,1145,945,0
353,5,242,397,1145,946,166
354,6,242,397,1145,947,167
355,7,242,397,1145,948,168
356,1,247,373,1146,922,169
357,2,247,374,1146,918,169
358,3,247,374,1146,919,170
359,4,247,374,1146,920,0
360,5,247,374,1146,921,0
361,6,247,374,1146,923,170
362,7,247,374,1146,924,171
363,1,262,360,662,963,172
364,2,262,361,662,959,0
365,3,262,361,662,960,173
366,4,262,361,662,961,0
367,5,262,361,662,962,0
368,6,262,361,662,964,173
369,7,262,361,662,965,174
370,1,236,362,663,888,175
371,2,236,363,663,884,175
372,3,236,363,663,885,177
373,4,236,363,663,886,0
374,5,236,363,663,887,0
375,6,236,363,663,889,177
376,7,236,363,663,890,178
377,1,279,413,1172,969,179
378,2,279,413,1172,970,180
379,3,279,413,1172,973,179
380,4,279,413,1172,974,180
381,5,279,415,1172,971,0
382,6,279,415,1172,972,0
383,7,279,415,1172,975,181
384,1,284,439,742,991,182
385,2,284,439,742,992,183
386,3,284,439,742,993,0
387,4,284,439,742,994,0
388,5,284,439,742,995,182
389,6,284,439,742,996,183
390,7,284,439,742,997,184
391,1,285,441,743,1003,185
392,2,285,442,743,999,185
393,3,285,442,743,1000,186
394,4,285,442,743,1004,186
395,5,285,443,743,1001,0
396,6,285,443,743,1002,0
397,7,285,443,743,1005,187
398,1,536,464,768,1029,188
399,2,536,465,768,1025,188
400,3,536,465,768,1026,189
401,4,536,466,768,1027,0
402,5,536,466,768,1028,0
403,6,536,466,768,1030,189
404,7,536,466,768,1031,190
405,1,585,480,1173,1064,191
406,2,585,480,1173,1065,192
407,3,585,480,1173,1066,0
408,4,585,480,1173,1067,0
409,5,585,480,1173,1068,191
410,6,585,480,1173,1069,192
411,7,585,480,1173,1070,193
412,1,584,481,788,1093,194
413,2,584,482,788,1089,194
414,3,584,482,788,1090,195
415,4,584,482,788,1091,0
416,5,584,482,788,1092,0
417,6,584,482,788,1094,195
418,7,584,482,788,1095,196
419,1,611,500,1174,1101,197
420,2,611,500,1174,1102,198
421,3,611,500,1174,1103,0
422,4,611,500,1174,1104,0
423,5,611,500,1174,1105,197
424,6,611,500,1174,1106,198
425,7,611,500,1174,1107,199
426,1,676,544,837,1203,0
427,2,676,544,837,1204,0
428,3,676,544,837,1205,0
429,4,676,544,837,1206,0
430,5,676,544,837,1207,201
431,6,676,544,837,1208,202
432,7,676,544,837,1209,203
433,1,649,528,821,1139,0
434,2,649,528,821,1140,0
435,3,649,528,821,1143,204
436,4,649,528,821,1144,205
437,5,649,529,821,1141,0
438,6,649,529,821,1142,0
439,7,649,529,821,1145,206
440,1,651,510,823,1163,0
441,2,651,510,823,1164,0
442,3,651,510,823,1167,207
443,4,651,510,823,1168,208
444,5,651,511,823,1165,0
445,6,651,511,823,1166,0
446,7,651,511,823,1169,209
447,1,656,541,836,1155,0
448,2,656,541,836,1156,0
449,3,656,541,836,1159,210
450,4,656,542,836,1157,0
451,5,656,542,836,1158,0
452,6,656,542,836,1160,211
453,7,656,542,836,1161,212
454,1,659,536,822,1175,213
455,2,659,537,822,1171,0
456,3,659,537,822,1172,0
457,4,659,537,822,1173,0
458,5,659,537,822,1174,0
459,6,659,537,822,1176,214
460,7,659,537,822,1177,215
461,1,652,532,838,1132,0
462,2,652,532,838,1135,216
463,3,652,532,838,1136,0
464,4,652,533,838,1133,216
465,5,652,533,838,1134,0
466,6,652,533,838,1137,218
467,1,655,530,840,1148,0
468,2,655,530,840,1151,219
469,3,655,530,840,1152,0
470,4,655,531,840,1149,219
471,5,655,531,840,1150,0
472,6,655,531,840,1153,221
473,1,661,538,841,1180,0
474,2,661,538,841,1181,222
475,3,661,538,841,1182,0
476,4,661,538,841,1183,222
477,5,661,538,841,1184,0
478,6,661,539,841,1185,225
479,1,692,567,884,1217,0
480,2,692,567,884,1218,227
481,3,692,567,884,1219,0
482,4,692,567,884,1220,0
483,5,692,567,884,1221,0
484,6,692,567,884,1222,227
485,7,692,567,884,1223,228
486,1,714,586,898,1238,0
487,2,714,586,898,1239,230
488,3,714,586,898,1240,0
489,4,714,586,898,1241,0
490,5,714,586,898,1242,0
491,6,714,586,898,1243,230
492,7,714,595,898,1244,231
493,1,737,592,916,1283,232
494,2,737,593,916,1279,232
495,3,737,593,916,1280,233
496,4,737,593,916,1284,233
497,5,737,594,916,1281,0
498,6,737,594,916,1282,0
499,7,737,594,916,1285,234
500,1,746,627,933,1302,237
501,2,746,628,933,1300,0
502,3,746,629,933,1296,0
503,4,746,629,933,1297,236
504,5,746,630,933,1301,236
505,6,746,639,933,1298,0
506,7,746,639,933,1299,0
507,1,777,666,938,1355,0
508,2,777,666,938,1356,239
509,3,777,666,938,1357,0
510,4,777,666,938,1359,0
511,5,777,666,938,1360,239
512,6,777,667,938,1358,0
513,7,777,667,938,1361,240
514,1,783,701,952,1382,241
515,2,783,702,952,1378,0
516,3,783,702,952,1379,0
517,4,783,702,952,1383,242
518,5,783,703,952,1380,0
519,6,783,703,952,1381,0
520,7,783,703,952,1384,243
521,1,785,724,969,1417,246
522,2,785,726,969,1413,0
523,3,785,726,969,1414,0
524,4,785,726,969,1418,247
525,5,785,727,969,1415,0
526,6,785,727,969,1416,0
527,7,785,727,969,1419,248
528,1,789,739,970,1392,0
529,2,789,739,970,1393,0
530,3,789,739,970,1396,249
531,4,789,739,970,1397,250
532,5,789,740,970,1394,0
533,6,789,740,970,1395,0
534,7,789,740,970,1398,251
535,1,787,710,974,1410,252
536,2,787,711,974,1406,0
537,3,787,711,974,1407,0
538,4,787,711,974,1411,253
539,5,787,713,974,1408,0
540,6,787,714,974,1409,0
541,7,787,715,974,1412,0
542,1,786,719,978,1403,255
543,2,786,720,978,1400,0
544,3,786,720,978,1404,0
545,4,786,721,978,1401,255
546,5,786,721,978,1402,0
547,6,786,721,978,1405,0
548,1,792,736,973,1424,258
549,2,792,737,973,1421,0
550,3,792,737,973,1425,0
551,4,792,738,973,1422,258
552,5,792,738,973,1423,0
553,6,792,738,973,1426,260
554,1,794,706,976,1389,261
555,2,794,707,976,1386,0
556,3,794,707,976,1390,0
557,4,794,708,976,1387,261
558,5,794,708,976,1388,0
559,6,794,708,976,1391,263
560,1,784,716,986,1375,264
561,2,784,717,986,1372,0
562,3,784,717,986,1376,0
563,4,784,718,986,1373,264
564,5,784,718,986,1374,0
565,6,784,718,986,1377,266
566,1,844,752,1050,1449,0
567,2,844,753,1050,1445,0
568,3,844,753,1050,1446,0
569,4,844,753,1050,1450,0
570,5,844,754,1050,1447,0
571,6,844,754,1050,1448,0
572,7,844,754,1050,1451,0
573,1,869,768,1070,1470,0
574,2,869,769,1070,1466,0
575,3,869,769,1070,1467,0
576,4,869,769,1070,1471,270
577,5,869,770,1070,1468,0
578,6,869,770,1070,1469,0
579,7,869,770,1070,1472,0
580,1,896,816,1097,1536,0
581,2,896,817,1097,1532,0
582,3,896,817,1097,1533,0
583,4,896,817,1097,1537,273
584,5,896,824,1097,1534,0
585,6,896,824,1097,1535,0
586,7,896,824,1097,1538,0
587,1,822,831,1126,1560,0
588,2,822,832,1126,1556,0
589,3,822,832,1126,1557,0
590,4,822,832,1126,1561,276
591,5,822,833,1126,1558,0
592,6,822,833,1126,1559,0
593,7,822,833,1126,1562,277
594,1,823,864,1164,1642,0
595,2,823,865,1164,1638,0
596,3,823,865,1164,1639,0
597,4,823,865,1164,1640,0
598,5,823,865,1164,1641,0
599,6,823,865,1164,1643,0
600,7,823,865,1164,1644,280
601,1,826,898,1167,1667,0
602,2,826,898,1167,1668,0
603,3,826,898,1167,1669,0
604,4,826,898,1167,1670,0
605,5,826,898,1167,1671,281
606,6,826,898,1167,1672,282
607,7,826,898,1167,1673,283
608,1,824,902,1193,1650,284
609,2,824,903,1193,1646,0
610,3,824,903,1193,1647,0
611,4,824,904,1193,1648,0
612,5,824,904,1193,1649,0
613,6,824,904,1193,1651,285
614,7,824,904,1193,1652,286
615,1,829,915,1194,1692,287
616,2,829,916,1194,1688,0
617,3,829,916,1194,1689,0
618,4,829,916,1194,1690,0
619,5,829,916,1194,1691,0
620,6,829,916,1194,1693,288
621,7,829,916,1194,1694,289
622,1,831,899,1198,1674,0
623,2,831,899,1198,1675,0
624,3,831,899,1198,1676,0
625,4,831,899,1198,1677,0
626,5,831,899,1198,1678,290
627,6,831,899,1198,1679,291
628,7,831,899,1198,1680,292
629,1,825,907,1208,1664,293
630,2,825,908,1208,1661,0
631,3,825,908,1208,1665,0
632,4,825,909,1208,1662,293
633,5,825,909,1208,1663,0
634,6,825,909,1208,1666,295
635,1,827,911,1199,1699,296
636,2,827,912,1199,1696,0
637,3,827,913,1199,1700,0
638,4,827,914,1199,1697,296
639,5,827,914,1199,1698,0
640,6,827,914,1199,1701,298
641,1,834,900,1203,1682,0
642,2,834,900,1203,1685,299
643,3,834,900,1203,1686,0
644,4,834,901,1203,1683,299
645,5,834,901,1203,1684,0
646,6,834,901,1203,1687,301
647,1,981,917,1204,1654,0
648,2,981,917,1204,1657,302
649,3,981,917,1204,1658,0
650,4,981,930,1204,1655,302
651,5,981,930,1204,1656,0
652,6,981,930,1204,1659,304
653,1,1008,943,1242,1728,0
654,2,1008,944,1242,1724,0
655,3,1008,944,1242,1725,0
656,4,1008,944,1242,1726,0
657,5,1008,944,1242,1727,0
658,6,1008,944,1242,1729,306
659,7,1008,945,1242,1730,307
660,1,1027,995,1266,1765,0
661,2,1027,996,1266,1761,0
662,3,1027,996,1266,1762,0
663,4,1027,997,1266,1766,309
664,5,1027,998,1266,1763,0
665,6,1027,999,1266,1764,0
666,7,1027,999,1266,1767,310
667,1,1028,1055,1292,1875,0
668,2,1028,1056,1292,1871,0
669,3,1028,1056,1292,1872,0
670,4,1028,1056,1292,1873,0
671,5,1028,1056,1292,1876,0
672,6,1028,1057,1292,1874,0
673,7,1028,1058,1292,1877,0
674,1,1064,1095,1314,1903,0
675,2,1064,1096,1314,1899,0
676,3,1064,1096,1314,1900,0
677,4,1064,1097,1314,1901,0
678,5,1064,1097,1314,1902,0
679,6,1064,1097,1314,1904,0
680,7,1064,1097,1314,1905,0
681,1,1011,1198,1345,1967,0
682,2,1011,1199,1345,1963,0
683,3,1011,1199,1345,1964,0
684,4,1011,1199,1345,1968,0
685,5,1011,1200,1345,1965,0
686,6,1011,1200,1345,1966,0
687,7,1011,1200,1345,1969,0
688,1,81,195,142,404,316
689,1,85,210,396,421,318
690,1,59,401,292,202,319
691,1,61,39,294,201,320
692,1,60,403,293,203,321
693,1,66,36,1067,228,322
694,1,82,187,394,361,326
695,1,68,143,348,229,327
696,1,65,39,297,225,328
697,1,64,403,296,227,329
698,1,63,401,295,226,330
699,1,67,36,364,299,331
700,1,73,147,359,309,0
701,1,78,166,375,340,0
702,1,80,173,378,366,0
703,1,89,407,447,471,0
704,1,87,404,446,472,341
705,1,91,236,448,523,342
706,1,170,304,566,751,0
707,1,135,283,524,718,344
708,1,184,334,577,801,345
709,1,224,353,638,864,346
710,1,595,489,806,1115,351
711,1,244,400,677,916,356
712,1,264,399,720,949,357
713,1,278,436,730,976,358
714,1,538,476,779,1032,359
715,1,475,468,762,1034,360
716,1,291,450,758,1010,361
717,1,597,503,811,1096,362
718,1,638,516,825,1122,363
719,1,658,556,858,1210,371
720,1,667,557,848,1211,372
721,1,693,558,885,1216,373
722,1,718,583,912,1237,374
723,1,725,607,913,1265,375
724,1,739,612,923,1286,376
725,1,763,638,935,1303,377
726,1,782,670,951,1362,378
727,1,803,676,993,1369,387
728,1,791,677,996,1370,388
729,1,846,678,998,1452,389
730,1,871,802,1072,1473,390
731,1,924,823,1096,1539,391
732,1,950,830,1141,1555,392
733,1,965,894,1169,1645,393
734,1,1043,1063,1300,1898,0
735,1,833,925,1196,1722,398
736,1,996,929,1201,1723,399
737,1,1017,928,1243,1731,400
738,1,1031,1030,1271,1768,401
739,1,1062,1045,1296,1878,0
740,1,1044,1063,1306,1894,0
741,1,1077,1110,1308,1909,0
742,1,1116,1201,1362,2005,0
743,1,93,57,241,217,414
744,2,93,57,241,218,0
745,1,94,58,242,219,415
746,2,94,58,242,220,0
747,1,96,59,244,221,0
748,2,96,59,244,222,0
749,1,97,60,245,223,0
750,2,97,60,245,224,0
751,1,98,148,355,310,417
752,2,98,148,355,311,0
753,1,99,156,356,312,418
754,2,99,156,356,313,0
755,1,100,66,357,314,0
756,2,100,66,357,315,0
757,1,101,150,358,316,0
758,2,101,150,358,317,0
759,1,107,175,193,367,421
760,2,107,175,193,368,0
761,1,108,176,194,369,422
762,2,108,176,194,370,0
763,1,109,177,195,371,0
764,2,109,177,195,372,0
765,1,110,178,196,373,0
766,2,110,178,196,374,0
767,1,103,148,380,310,0
768,2,103,148,380,311,0
769,1,104,156,381,312,426
770,2,104,156,381,313,0
771,1,105,66,382,314,0
772,2,105,66,382,315,0
773,1,106,150,383,316,0
774,2,106,150,383,317,0
775,1,92,71,174,254,402
776,2,92,71,174,255,403
777,3,92,71,174,256,404
778,4,92,71,174,258,402
779,5,92,71,174,259,403
780,6,92,71,174,260,404
781,7,92,71,174,262,402
782,8,92,71,174,263,403
783,9,92,71,174,264,404
784,10,92,135,174,257,0
785,11,92,135,174,261,0
786,12,92,135,174,265,0
787,13,92,135,174,266,0
788,1,102,160,372,319,406
789,2,102,160,372,323,406
790,3,102,160,372,327,406
791,4,102,162,372,320,407
792,5,102,162,372,324,407
793,6,102,162,372,328,407
794,7,102,164,372,321,408
795,8,102,164,372,322,0
796,9,102,164,372,325,408
797,10,102,164,372,326,0
798,11,102,164,372,329,408
799,12,102,164,372,330,0
800,13,102,164,372,331,0
801,1,111,184,151,375,410
802,2,111,184,151,376,411
803,3,111,184,151,377,412
804,4,111,184,151,378,0
805,5,111,184,151,379,410
806,6,111,184,151,380,411
807,7,111,184,151,381,412
808,8,111,184,151,382,0
809,9,111,184,151,383,410
810,10,111,184,151,384,411
811,11,111,184,151,385,412
812,12,111,184,151,386,0
813,13,111,184,151,387,0
814,1,112,237,442,473,0
815,2,112,237,442,474,0
816,1,113,255,443,475,0
817,2,113,255,443,476,0
818,1,114,239,444,477,0
819,2,114,239,444,478,0
820,1,115,240,445,438,0
821,2,115,240,445,479,0
822,3,115,240,445,480,0
823,1,136,286,520,727,0
824,2,136,286,520,728,0
825,1,137,288,521,729,0
826,2,137,288,521,730,0
827,1,138,289,522,731,0
828,2,138,289,522,732,0
829,1,139,290,523,733,0
830,2,139,290,523,734,0
831,1,186,327,580,806,0
832,2,186,327,580,807,0
833,1,187,329,581,808,0
834,2,187,329,581,809,0
835,1,188,331,582,810,0
836,2,188,331,582,811,0
837,1,189,332,583,812,0
838,2,189,332,583,813,0
839,3,189,332,583,822,0
840,1,116,237,449,481,0
841,2,116,237,449,482,452
842,1,117,255,450,483,0
843,2,117,255,450,484,0
844,1,118,239,451,485,0
845,2,118,239,451,486,0
846,1,119,240,452,487,0
847,2,119,240,452,488,0
848,1,147,286,529,735,455
849,2,147,286,529,736,455
850,1,148,288,530,737,0
851,2,148,288,530,738,0
852,1,149,289,531,739,0
853,2,149,289,531,740,0
854,1,150,290,532,741,0
855,2,150,290,532,742,0
856,1,190,327,584,814,458
857,2,190,327,584,815,458
858,1,191,329,585,816,459
859,2,191,329,585,817,459
860,1,192,331,586,818,0
861,2,192,331,586,819,0
862,1,193,332,587,820,0
863,2,193,332,587,821,0
864,1,120,269,508,502,429
865,2,120,269,508,506,429
866,3,120,269,508,510,429
867,4,120,271,508,503,430
868,5,120,271,508,507,430
869,6,120,271,508,511,430
870,7,120,272,508,504,432
871,8,120,272,508,505,0
872,9,120,272,508,508,432
873,10,120,272,508,509,0
874,11,120,272,508,512,432
875,12,120,272,508,513,0
876,13,120,272,508,514,0
877,1,168,298,556,752,434
878,2,168,298,556,756,434
879,3,168,298,556,760,434
880,4,168,299,556,753,435
881,5,168,299,556,757,435
882,6,168,299,556,761,435
883,7,168,303,556,754,436
884,8,168,303,556,755,0
885,9,168,303,556,758,436
886,10,168,303,556,759,0
887,11,168,303,556,762,436
888,12,168,303,556,763,0
889,13,168,303,556,764,0
890,1,220,343,627,851,438
891,2,220,343,627,855,438
892,3,220,343,627,859,438
893,4,220,344,627,852,439
894,5,220,344,627,856,439
895,6,220,344,627,860,439
896,7,220,346,627,853,440
897,8,220,346,627,854,0
898,9,220,346,627,857,440
899,10,220,346,627,858,0
900,11,220,346,627,861,440
901,12,220,346,627,862,0
902,13,220,346,627,863,0
903,1,252,390,691,925,0
904,2,252,390,691,926,0
905,1,253,391,692,927,0
906,2,253,391,692,928,0
907,1,254,392,693,929,0
908,2,254,392,693,930,0
909,1,255,394,694,931,0
910,2,255,394,694,932,0
911,3,255,394,694,966,0
912,1,286,446,748,1019,0
913,2,286,446,748,1020,0
914,1,287,447,749,1015,0
915,2,287,447,749,1016,0
916,1,288,448,750,1011,0
917,2,288,448,750,1012,0
918,1,289,449,751,1006,0
919,2,289,449,751,1007,0
920,3,289,449,751,1023,0
921,1,587,485,798,1071,0
922,2,587,485,798,1072,0
923,3,587,485,798,1098,0
924,1,588,501,799,1075,0
925,2,588,501,799,1076,0
926,3,588,501,799,1097,0
927,1,589,486,800,1079,0
928,2,589,486,800,1080,0
929,3,589,486,800,1099,0
930,1,590,502,801,1083,0
931,2,590,502,801,1084,0
932,3,590,502,801,1085,0
933,1,256,390,695,933,486
934,2,256,390,695,934,486
935,1,257,391,696,935,487
936,2,257,391,696,936,487
937,1,258,392,697,937,0
938,2,258,392,697,938,0
939,1,259,394,698,939,0
940,2,259,394,698,940,0
941,1,292,446,752,1021,490
942,2,292,446,752,1022,490
943,1,293,447,753,1017,491
944,2,293,447,753,1018,491
945,1,294,448,754,1013,0
946,2,294,448,754,1014,0
947,1,295,449,755,1008,0
948,2,295,449,755,1009,0
949,1,591,485,802,1073,494
950,2,591,485,802,1074,494
951,1,592,501,803,1077,495
952,2,592,501,803,1078,495
953,1,593,486,804,1081,0
954,2,593,486,804,1082,0
955,1,594,502,805,1086,0
956,2,594,502,805,1087,0
957,1,281,422,734,977,462
958,2,281,422,734,978,463
959,3,281,422,734,981,462
960,4,281,422,734,982,463
961,5,281,422,734,985,462
962,6,281,422,734,986,463
963,7,281,424,734,979,464
964,8,281,424,734,980,0
965,9,281,424,734,983,464
966,10,281,424,734,984,0
967,11,281,424,734,987,464
968,12,281,424,734,988,0
969,13,281,424,734,989,0
970,1,550,470,776,1050,466
971,2,550,470,776,1054,466
972,3,550,470,776,1058,466
973,4,550,472,776,1051,467
974,5,550,472,776,1055,467
975,6,550,472,776,1059,467
976,7,550,473,776,1052,468
977,8,550,473,776,1053,0
978,9,550,473,776,1056,468
979,10,550,473,776,1057,0
980,11,550,473,776,1060,468
981,12,550,473,776,1061,0
982,13,550,473,776,1062,0
983,1,636,513,826,1116,471
984,2,636,513,826,1117,471
985,3,636,513,826,1118,471
986,4,636,513,826,1119,470
987,5,636,513,826,1120,470
988,6,636,513,826,1121,470
989,7,636,514,826,1112,472
990,8,636,514,826,1113,472
991,9,636,514,826,1114,472
992,10,636,519,826,1108,0
993,11,636,519,826,1109,0
994,12,636,519,826,1110,0
995,13,636,519,826,1111,0
996,1,653,559,849,1186,0
997,2,653,559,849,1187,0
998,3,653,559,849,1212,0
999,1,684,560,850,1188,0
1000,2,684,560,850,1189,0
1001,3,684,560,850,1213,0
1002,1,682,561,851,1190,0
1003,2,682,561,851,1191,0
1004,3,682,561,851,1214,0
1005,1,689,562,852,1192,0
1006,2,689,562,852,1193,0
1007,3,689,562,852,1215,0
1008,1,715,589,902,1245,0
1009,2,715,589,902,1246,0
1010,3,715,589,902,1261,0
1011,1,719,590,903,1247,0
1012,2,719,590,903,1248,0
1013,3,719,590,903,1262,0
1014,1,726,591,904,1249,0
1015,2,726,591,904,1250,0
1016,1,728,599,905,1251,0
1017,2,728,599,905,1252,0
1018,3,728,599,905,1264,0
1019,1,749,631,942,1320,0
1020,2,749,631,942,1321,0
1021,1,747,637,943,1322,0
1022,2,747,637,943,1323,0
1023,3,747,637,943,1337,0
1024,1,751,656,944,1324,0
1025,2,751,656,944,1325,0
1026,3,751,656,944,1338,0
1027,1,758,636,945,1326,0
1028,2,758,636,945,1327,0
1029,3,758,636,945,1339,0
1030,1,654,559,853,1194,527
1031,2,654,559,853,1195,527
1032,1,685,560,854,1196,528
1033,2,685,560,854,1197,528
1034,1,683,561,855,1198,0
1035,2,683,561,855,1199,0
1036,1,690,562,856,1200,0
1037,2,690,562,856,1201,0
1038,1,716,589,906,1253,531
1039,2,716,589,906,1254,531
1040,1,720,590,907,1255,532
1041,2,720,590,907,1256,532
1042,1,727,591,908,1257,0
1043,2,727,591,908,1258,0
1044,1,729,599,909,1259,0
1045,2,729,599,909,1260,0
1046,1,750,631,946,1328,537
1047,2,750,631,946,1329,537
1048,1,748,637,947,1330,538
1049,2,748,637,947,1331,538
1050,1,752,656,948,1332,0
1051,2,752,656,948,1333,0
1052,1,759,636,949,1334,0
1053,2,759,636,949,1335,0
1054,1,700,569,882,1224,498
1055,2,700,569,882,1225,498
1056,3,700,569,882,1226,498
1057,4,700,570,882,1227,499
1058,5,700,570,882,1228,499
1059,6,700,570,882,1229,499
1060,7,700,572,882,1230,500
1061,8,700,572,882,1231,500
1062,9,700,572,882,1232,500
1063,10,700,572,882,1233,501
1064,11,700,572,882,1234,501
1065,12,700,572,882,1235,501
1066,1,736,608,917,1266,502
1067,2,736,608,917,1267,502
1068,3,736,608,917,1268,502
1069,4,736,609,917,1269,503
1070,5,736,609,917,1270,503
1071,6,736,609,917,1271,503
1072,7,736,610,917,1272,506
1073,8,736,610,917,1273,506
1074,9,736,610,917,1274,506
1075,10,736,611,917,1275,507
1076,11,736,611,917,1276,507
1077,12,736,611,917,1277,507
1078,1,779,660,966,1342,508
1079,2,779,660,966,1343,508
1080,3,779,660,966,1344,508
1081,4,779,660,966,1345,509
1082,5,779,660,966,1346,509
1083,6,779,660,966,1347,509
1084,7,779,661,966,1348,511
1085,8,779,661,966,1349,511
1086,9,779,661,966,1350,511
1087,10,779,663,966,1351,512
1088,11,779,663,966,1352,512
1089,12,779,663,966,1353,512
1090,1,808,709,1002,1427,0
1091,2,808,709,1002,1428,0
1092,1,810,730,1004,1429,0
1093,2,810,730,1004,1430,0
1094,1,806,722,1006,1431,0
1095,2,806,722,1006,1432,0
1096,3,806,722,1006,1443,0
1097,1,800,731,1008,1433,0
1098,2,800,731,1008,1434,0
1099,3,800,731,1008,1444,0
1100,1,872,807,1081,1499,0
1101,2,872,807,1081,1500,0
1102,3,872,807,1081,1516,0
1103,1,880,771,1083,1501,0
1104,2,880,771,1083,1502,0
1105,3,880,771,1083,1517,0
1106,1,876,792,1085,1503,0
1107,2,876,792,1085,1504,0
1108,3,876,792,1085,1518,0
1109,1,883,808,1087,1505,0
1110,2,883,808,1087,1506,0
1111,3,883,808,1087,1507,0
1112,1,936,837,1147,1584,0
1113,2,936,837,1147,1585,0
1114,3,936,837,1147,1601,0
1115,1,938,834,1149,1586,0
1116,2,938,834,1149,1587,0
1117,3,938,834,1149,1602,0
1118,1,940,839,1151,1588,0
1119,2,940,839,1151,1589,0
1120,3,940,839,1151,1603,0
1121,1,942,835,1153,1590,0
1122,2,942,835,1153,1591,0
1123,3,942,835,1153,1592,0
1124,1,809,709,1003,1435,567
1125,2,809,709,1003,1436,567
1126,1,811,730,1005,1437,568
1127,2,811,730,1005,1438,568
1128,1,807,722,1007,1439,0
1129,2,807,722,1007,1440,0
1130,1,801,731,1009,1441,0
1131,2,801,731,1009,1442,0
1132,1,873,807,1082,1508,571
1133,2,873,807,1082,1509,571
1134,1,881,771,1084,1510,572
1135,2,881,771,1084,1511,572
1136,1,877,792,1086,1512,0
1137,2,877,792,1086,1513,0
1138,1,884,808,1088,1514,0
1139,2,884,808,1088,1515,0
1140,1,937,837,1148,1593,575
1141,1,939,834,1150,1595,576
1142,1,941,839,1152,1597,577
1143,1,943,836,1154,1599,578
1144,1,866,755,1054,1453,542
1145,2,866,755,1054,1454,542
1146,3,866,755,1054,1455,542
1147,4,866,755,1054,1456,543
1148,5,866,755,1054,1457,543
1149,6,866,755,1054,1458,543
1150,7,866,756,1054,1459,544
1151,8,866,756,1054,1460,544
1152,9,866,756,1054,1461,544
1153,10,866,757,1054,1462,0
1154,11,866,757,1054,1463,0
1155,12,866,757,1054,1464,0
1156,13,866,757,1054,1465,0
1157,1,911,811,1118,1519,546
1158,2,911,811,1118,1520,546
1159,3,911,811,1118,1521,546
1160,4,911,811,1118,1522,547
1161,5,911,811,1118,1523,547
1162,6,911,811,1118,1524,547
1163,7,911,812,1118,1525,549
1164,8,911,812,1118,1526,549
1165,9,911,812,1118,1527,549
1166,10,911,814,1118,1528,0
1167,11,911,814,1118,1529,0
1168,12,911,814,1118,1530,0
1169,13,911,814,1118,1531,0
1170,1,962,885,1178,1604,551
1171,2,962,885,1178,1605,551
1172,3,962,885,1178,1606,551
1173,4,962,886,1178,1607,552
1174,5,962,886,1178,1608,552
1175,6,962,886,1178,1609,552
1176,7,962,888,1178,1610,553
1177,8,962,888,1178,1611,553
1178,9,962,888,1178,1612,553
1179,10,962,890,1178,1613,0
1180,11,962,890,1178,1614,0
1181,12,962,890,1178,1615,0
1182,13,962,890,1178,1616,0
1183,1,985,927,1225,1702,0
1184,2,985,927,1225,1703,0
1185,3,985,927,1225,1718,0
1186,1,987,923,1227,1704,0
1187,2,987,923,1227,1705,0
1188,3,987,923,1227,1719,0
1189,1,989,926,1229,1706,0
1190,2,989,926,1229,1707,0
1191,3,989,926,1229,1720,0
1192,1,991,924,1231,1708,0
1193,2,991,924,1231,1709,0
1194,3,991,924,1231,1721,0
1195,1,1019,992,1256,1769,0
1196,2,1019,992,1256,1770,0
1197,3,1019,992,1256,1785,0
1198,1,1021,991,1258,1771,0
1199,2,1021,991,1258,1772,0
1200,3,1021,991,1258,1786,0
1201,1,1023,1002,1260,1773,0
1202,2,1023,1002,1260,1774,0
1203,3,1023,1002,1260,1787,0
1204,1,1025,1032,1262,1775,0
1205,2,1025,1032,1262,1776,0
1206,3,1025,1032,1262,1788,0
1207,1,1068,1099,1320,1910,0
1208,2,1068,1099,1320,1911,0
1209,3,1068,1099,1320,1926,0
1210,1,1070,1112,1322,1912,0
1211,2,1070,1112,1322,1913,0
1212,3,1070,1112,1322,1927,0
1213,1,1072,1113,1324,1914,0
1214,2,1072,1113,1324,1915,0
1215,3,1072,1113,1324,1928,0
1216,1,1074,1168,1326,1916,0
1217,2,1074,1168,1326,1917,0
1218,3,1074,1168,1326,1929,0
1219,1,986,927,1226,1710,592
1220,2,986,927,1226,1711,592
1221,1,988,923,1228,1712,593
1222,2,988,923,1228,1713,0
1223,1,990,926,1230,1714,594
1224,2,990,926,1230,1715,0
1225,1,992,924,1232,1716,595
1226,2,992,924,1232,1717,0
1227,1,1020,992,1257,1777,0
1228,2,1020,992,1257,1778,0
1229,1,1022,991,1259,1779,0
1230,2,1022,991,1259,1780,0
1231,1,1024,1002,1261,1781,0
1232,2,1024,1002,1261,1782,0
1233,1,1026,994,1263,1783,0
1234,2,1026,994,1263,1784,0
1235,1,1069,1099,1321,1918,0
1236,2,1069,1099,1321,1919,0
1237,1,1071,1112,1323,1920,0
1238,2,1071,1112,1323,1921,0
1239,1,1073,1113,1325,1922,0
1240,2,1073,1113,1325,1923,0
1241,1,1075,1169,1327,1924,0
1242,2,1075,1169,1327,1925,0
1243,1,1015,946,1248,1732,580
1244,2,1015,946,1248,1733,580
1245,3,1015,946,1248,1734,580
1246,4,1015,948,1248,1735,0
1247,5,1015,948,1248,1736,0
1248,6,1015,948,1248,1737,0
1249,7,1015,949,1248,1738,0
1250,8,1015,949,1248,1739,0
1251,9,1015,949,1248,1740,0
1252,10,1015,951,1248,1741,0
1253,11,1015,951,1248,1742,0
1254,12,1015,951,1248,1743,0
1255,13,1015,951,1248,1744,0
1256,1,1058,1035,1304,1858,0
1257,2,1058,1035,1304,1859,0
1258,3,1058,1035,1304,1860,0
1259,4,1058,1039,1304,1861,0
1260,5,1058,1039,1304,1862,0
1261,6,1058,1039,1304,1863,0
1262,7,1058,1039,1304,1896,0
1263,8,1058,1043,1304,1867,0
1264,9,1058,1043,1304,1868,0
1265,10,1058,1043,1304,1869,0
1266,11,1058,1043,1304,1870,0
1267,12,1058,1087,1304,1864,0
1268,13,1058,1087,1304,1865,0
1269,14,1058,1087,1304,1866,0
1270,15,1058,1087,1304,1897,0
1271,1,1117,1192,1368,1970,0
1272,2,1117,1192,1368,1971,0
1273,3,1117,1192,1368,1972,0
1274,4,1117,1194,1368,1973,0
1275,5,1117,1194,1368,1974,0
1276,6,1117,1194,1368,1975,0
1277,7,1117,1194,1368,2074,0
1278,8,1117,1197,1368,1976,0
1279,9,1117,1197,1368,1977,0
1280,10,1117,1197,1368,1978,0
1281,11,1117,1197,1368,1979,0
1282,12,1117,1197,1368,1980,0
1283,13,1117,1197,1368,1981,0
1284,14,1117,1197,1368,1982,0
1285,15,1117,1197,1368,2075,0
1286,1,179,315,558,0,0
1287,1,586,499,794,0,0
1288,2,586,499,794,792,0
1289,1,268,408,712,0,0
1290,1,276,409,725,0,0
1291,2,276,409,725,792,0
1292,1,745,640,924,0,0
1293,1,688,563,879,0,0
1294,1,819,729,1000,0,0
1295,1,909,818,1123,0,0
1296,1,993,896,1209,0,0
1297,1,1060,1059,1279,0,0
1298,1,1084,1161,1316,1954,0
1299,2,1084,1161,1316,1955,0
1300,3,1084,1161,1316,1956,0
1301,4,1084,1161,1316,1957,0
1302,5,1084,1161,1316,1958,0
1303,6,1084,1161,1316,1959,0
1304,7,1084,1161,1316,1960,0
1305,8,1084,1161,1316,1961,0
1306,9,1084,1161,1316,1962,0
1307,1,1010,952,1241,1745,0
1308,2,1010,952,1241,1746,0
1309,3,1010,952,1241,1747,0
1310,1,100616,336,616,893,0
1311,2,100616,336,616,894,0
1312,3,100616,336,616,895,0
1313,4,100616,336,616,896,0
1314,5,100616,336,616,897,0
1315,6,100616,336,616,898,0
1316,7,100616,336,616,899,0
1317,1,100434,243,434,431,0
1318,2,100434,243,434,432,0
1319,3,100434,243,434,433,0
1320,4,100434,243,434,434,0
1321,5,100434,243,434,435,0
1322,6,100434,243,434,436,0
1323,7,100434,243,434,437,0
1324,1,100134,15,134,0,0
1325,1,100153,6,153,0,0
1326,1,100155,53,155,0,0
1327,1,100137,17,137,0,0
1328,1,100145,22,145,0,0
1329,1,100138,18,138,0,0
1330,1,100135,16,135,0,0
1331,1,100152,5,152,0,0
1332,1,100147,24,147,0,0
1333,1,100139,19,139,0,0
1334,1,100154,7,154,0,0
1335,1,100140,20,140,0,0
1336,1,100148,4,148,0,0
1337,1,100156,25,156,0,0
1338,1,100146,23,146,0,0
1339,1,100141,21,141,0,0
1340,1,100180,30,180,0,0
1341,1,100170,52,170,164,0
1342,2,100170,52,170,166,0
1343,3,100170,96,170,159,0
1344,4,100170,97,170,167,0
1345,1,100401,215,401,0,0
1346,1,100400,214,400,0,0
1347,1,100397,211,397,0,0
1348,1,100398,212,398,0,0
1349,1,100399,213,399,0,0
1350,1,100613,371,613,0,0
1351,1,100621,369,621,0,0
1352,1,100622,372,622,0,0
1353,1,100620,368,620,0,0
1354,1,100612,367,612,0,0
1355,1,100614,354,614,0,0
1356,1,100817,495,817,0,0
1357,1,100814,492,814,0,0
1358,1,100815,493,815,0,0
1359,1,100813,491,813,0,0
1360,1,100816,494,816,0,0
1361,1,100818,496,818,0,0
1362,1,100956,695,956,0,0
1363,1,100961,700,961,0,0
1364,1,100958,697,958,0,0
1365,1,100959,698,959,0,0
1366,1,100960,699,960,0,0
1367,1,100957,696,957,0,0
1368,1,101191,861,1191,0,0
1369,1,101188,858,1188,0,0
1370,1,101190,860,1190,0,0
1371,1,101187,857,1187,0,0
1372,1,101189,859,1189,0,0
1373,1,101192,862,1192,0,0
